id,player_name,nation,position,age,matches_played,starts,minutes_played,goals,assists,penalties_scored,yellow_cards,red_cards,expected_goals,expected_assists,team_name
1,Gabriel Dos Santos,br BRA,DF,24,14,14,1260,2,0,0,2,0,2.3,0.2,Arsenal
2,Aaron Ramsdale,eng ENG,GK,24,14,14,1260,0,0,0,0,0,0,0,Arsenal
3,William Saliba,fr FRA,DF,21,14,14,1245,2,1,0,4,0,0.3,0.9,Arsenal
4,Gabriel Jesus,br BRA,FW,25,14,14,1219,5,5,0,4,0,7.7,2.8,Arsenal
5,Martinelli,br BRA,FW,21,14,14,1181,5,2,0,1,0,3,3.3,Arsenal
6,Bukayo Saka,eng ENG,FW,21,14,14,1171,4,6,1,3,0,4.5,2.9,Arsenal
7,Granit Xhaka,ch SUI,MF,30,14,14,1166,3,3,0,2,0,1.5,1.8,Arsenal
8,Ben White,eng ENG,DF,25,14,14,1150,0,2,0,3,0,0.3,1.1,Arsenal
9,Martin Ødegaard,no NOR,MF,23,13,13,1074,6,2,0,2,0,4.1,2.6,Arsenal
10,Thomas Partey,gh GHA,MF,29,11,11,959,2,0,0,1,0,1,0.6,Arsenal
11,Oleksandr Zinchenko,ua UKR,DF,25,7,7,559,0,1,0,0,0,0.1,0.4,Arsenal
12,Takehiro Tomiyasu,jp JPN,DF,24,11,4,410,0,0,0,1,0,0.1,0.1,Arsenal
13,Kieran Tierney,sct SCO,DF,25,12,3,354,0,0,0,0,0,0.3,0.1,Arsenal
14,Albert Sambi Lokonga,be BEL,MF,23,6,2,198,0,0,0,0,0,0,0,Arsenal
15,Fabio Vieira,pt POR,MF,22,8,1,246,1,1,0,0,0,0.3,1.1,Arsenal
16,Mohamed Elneny,eg EGY,MF,30,3,1,95,0,0,0,0,0,0,0,Arsenal
17,Eddie Nketiah,eng ENG,"FW,MF",23,12,0,152,0,0,0,0,0,0.7,0.2,Arsenal
18,Reiss Nelson,eng ENG,FW,22,2,0,65,2,1,0,0,0,0.6,0.1,Arsenal
19,Emile Smith Rowe,eng ENG,"MF,FW",22,4,0,51,0,0,0,0,0,0.1,0.3,Arsenal
20,Cédric Soares,pt POR,DF,31,2,0,29,0,0,0,0,0,0,0,Arsenal
21,Rob Holding,eng ENG,DF,27,4,0,14,0,0,0,0,0,0,0,Arsenal
22,Marquinhos,br BRA,MF,19,1,0,1,0,0,0,0,0,0,0,Arsenal
23,Ethan Nwaneri,eng ENG,FW,15,1,0,1,0,0,0,0,0,0,0,Arsenal
24,Karl Jakob Hein,ee EST,GK,20,0,0,,,,,,,,,Arsenal
25,Nicolas Pépé,ci CIV,"FW,MF",27,0,0,,,,,,,,,Arsenal
26,Matthew Smith,eng ENG,MF,22,0,0,,,,,,,,,Arsenal
27,Lino Sousa,eng ENG,DF,17,0,0,,,,,,,,,Arsenal
28,Matt Turner,us USA,GK,28,0,0,,,,,,,,,Arsenal
29,Ederson,br BRA,GK,29,14,14,1260,0,1,0,0,0,0,0.2,Manchester-City
30,João Cancelo,pt POR,DF,28,14,14,1116,2,1,0,3,1,0.7,0.8,Manchester-City
31,Kevin De Bruyne,be BEL,MF,31,14,13,1131,3,9,0,0,0,2.5,6,Manchester-City
32,Rodri,es ESP,MF,26,13,13,1122,0,3,0,1,0,1.2,0.8,Manchester-City
33,Bernardo Silva,pt POR,"MF,FW",28,14,12,1068,2,5,0,1,0,1.3,1.8,Manchester-City
34,Erling Haaland,no NOR,FW,22,13,12,1037,18,3,3,2,0,11.1,2.8,Manchester-City
35,Phil Foden,eng ENG,"FW,DF",22,14,11,908,7,4,0,1,0,3.7,2,Manchester-City
36,İlkay Gündoğan,de GER,MF,32,12,10,891,2,2,0,0,0,2.1,2.1,Manchester-City
37,Rúben Dias,pt POR,DF,25,12,9,873,0,0,0,0,0,0.6,0.1,Manchester-City
38,John Stones,eng ENG,DF,28,9,8,731,0,2,0,1,0,0.4,1.3,Manchester-City
39,Manuel Akanji,ch SUI,DF,27,8,8,701,0,1,0,1,0,0.5,0.1,Manchester-City
40,Nathan Aké,nl NED,DF,27,8,7,571,0,0,0,0,0,0.1,0.1,Manchester-City
41,Kyle Walker,eng ENG,DF,32,7,7,560,0,0,0,0,0,0.3,0.1,Manchester-City
42,Jack Grealish,eng ENG,FW,27,8,6,547,1,0,0,0,0,0.9,1.2,Manchester-City
43,Riyad Mahrez,dz ALG,"FW,MF",31,9,4,372,1,0,0,1,0,1.2,0.5,Manchester-City
44,Julián Álvarez,ar ARG,"FW,MF",22,12,3,364,3,0,0,0,0,1.3,0.4,Manchester-City
45,Aymeric Laporte,es ESP,DF,28,4,3,286,0,0,0,0,0,0.2,0.1,Manchester-City
46,Sergio Gómez,es ESP,"DF,MF",22,5,0,111,0,1,0,0,0,0.1,0.4,Manchester-City
47,Cole Palmer,eng ENG,"FW,MF",20,7,0,106,0,0,0,0,0,0.1,0.1,Manchester-City
48,Rico Lewis,eng ENG,"DF,MF",18,3,0,38,0,0,0,0,0,0,0,Manchester-City
49,Kalvin Phillips,eng ENG,MF,26,1,0,2,0,0,0,0,0,0,0,Manchester-City
50,Scott Carson,eng ENG,GK,37,0,0,,,,,,,,,Manchester-City
51,Liam Delap,eng ENG,FW,19,0,0,,,,,,,,,Manchester-City
52,Claudio Gomes,fr FRA,MF,22,0,0,,,,,,,,,Manchester-City
53,Ben Knight,eng ENG,MF,20,0,0,,,,,,,,,Manchester-City
54,Luke Mbete-Tatu,eng ENG,DF,19,0,0,,,,,,,,,Manchester-City
55,Stefan Ortega,de GER,GK,30,0,0,,,,,,,,,Manchester-City
56,Josh Wilson-Esbrand,eng ENG,DF,19,0,0,,,,,,,,,Manchester-City
57,Nick Pope,eng ENG,GK,30,15,15,1350,0,0,0,2,0,0,0,Newcastle-United
58,Kieran Trippier,eng ENG,DF,32,15,15,1324,1,3,0,3,0,0.4,3.7,Newcastle-United
59,Miguel Almirón,py PAR,FW,28,15,15,1255,8,1,0,0,0,4.6,1.1,Newcastle-United
60,Fabian Schär,ch SUI,DF,30,14,14,1243,1,0,0,4,0,0.9,0.4,Newcastle-United
61,Dan Burn,eng ENG,DF,30,15,14,1224,0,0,0,2,0,0.4,0.1,Newcastle-United
62,Joe Willock,eng ENG,MF,23,15,13,1114,2,2,0,0,0,2.9,3.1,Newcastle-United
63,Joelinton,br BRA,"MF,FW",26,13,12,1060,1,1,0,5,0,2.3,0.9,Newcastle-United
64,Sven Botman,nl NED,DF,22,13,12,1057,0,0,0,0,0,0.3,0.9,Newcastle-United
65,Bruno Guimarães,br BRA,MF,25,12,12,992,3,2,0,1,0,0.8,1.3,Newcastle-United
66,Sean Longstaff,eng ENG,MF,25,15,11,1056,1,2,0,2,0,1.2,1.8,Newcastle-United
67,Callum Wilson,eng ENG,FW,30,11,10,787,6,2,1,1,0,6.1,0.6,Newcastle-United
68,Jacob Murphy,eng ENG,FW,27,15,5,489,1,1,0,0,0,0.8,0.6,Newcastle-United
69,Matt Targett,eng ENG,DF,27,10,4,426,0,0,0,0,0,0,0.3,Newcastle-United
70,Allan Saint-Maximin,fr FRA,FW,25,7,4,378,1,3,0,1,0,0.8,1.2,Newcastle-United
71,Ryan Fraser,sct SCO,FW,28,8,3,313,0,0,0,1,0,0.3,0.4,Newcastle-United
72,Alexander Isak,se SWE,FW,23,3,3,242,2,0,1,0,0,2.2,0.3,Newcastle-United
73,Chris Wood,nz NZL,FW,30,14,2,272,1,0,0,0,0,0.5,0.3,Newcastle-United
74,Jamaal Lascelles,eng ENG,DF,29,4,1,107,0,0,0,2,0,0.1,0,Newcastle-United
75,Elliot Anderson,sct SCO,"FW,MF",20,7,0,103,0,0,0,0,0,0.5,0.5,Newcastle-United
76,Jonjo Shelvey,eng ENG,MF,30,3,0,37,0,0,0,0,0,0,0,Newcastle-United
77,Javier Manquillo,es ESP,DF,28,1,0,11,0,0,0,0,0,0,0,Newcastle-United
78,Jamal Lewis,nir NIR,DF,24,1,0,8,0,0,0,0,0,0,0,Newcastle-United
79,Emil Krafth,se SWE,DF,28,1,0,1,0,0,0,0,0,0,0,Newcastle-United
80,Matt Ritchie,sct SCO,FW,33,1,0,1,0,0,0,0,0,0,0,Newcastle-United
81,Karl Darlow,eng ENG,GK,32,0,0,,,,,,,,,Newcastle-United
82,Martin Dúbravka,sk SVK,GK,33,0,0,,,,,,,,,Newcastle-United
83,Paul Dummett,wls WAL,DF,31,0,0,,,,,,,,,Newcastle-United
84,Loris Karius,de GER,GK,29,0,0,,,,,,,,,Newcastle-United
85,Hugo Lloris,fr FRA,GK,35,15,15,1350,0,0,0,0,0,0,0,Tottenham-Hotspur
86,Harry Kane,eng ENG,FW,29,15,15,1335,12,1,2,4,0,9.4,2.4,Tottenham-Hotspur
87,Eric Dier,eng ENG,DF,28,15,14,1285,2,0,0,1,0,0.7,0.7,Tottenham-Hotspur
88,Pierre Højbjerg,dk DEN,MF,27,14,14,1244,3,2,0,1,0,0.9,1.3,Tottenham-Hotspur
89,Rodrigo Bentancur,uy URU,MF,25,14,13,1182,4,2,0,5,0,1.4,0.8,Tottenham-Hotspur
90,Son Heung-min,kr KOR,"MF,FW",30,13,12,1030,3,2,0,0,0,3.5,2.7,Tottenham-Hotspur
91,Ben Davies,wls WAL,DF,29,12,11,995,2,1,0,1,0,0.5,1.3,Tottenham-Hotspur
92,Emerson,br BRA,DF,23,12,11,899,0,1,0,1,1,1,0.3,Tottenham-Hotspur
93,Ivan Perišić,hr CRO,"DF,MF",33,15,9,833,0,4,0,2,0,0.9,3,Tottenham-Hotspur
94,Ryan Sessegnon,eng ENG,DF,22,12,8,662,2,0,0,3,0,1.4,0.7,Tottenham-Hotspur
95,Cristian Romero,ar ARG,DF,24,8,7,658,0,0,0,1,0,0.6,0.3,Tottenham-Hotspur
96,Dejan Kulusevski,se SWE,"MF,FW",22,9,7,611,1,5,0,0,0,1,2.2,Tottenham-Hotspur
97,Clément Lenglet,fr FRA,DF,27,8,7,571,0,1,0,0,0,0.6,0.4,Tottenham-Hotspur
98,Yves Bissouma,ml MLI,MF,26,14,6,606,0,0,0,3,0,0.2,0.2,Tottenham-Hotspur
99,Davinson Sánchez,co COL,DF,26,10,6,531,0,0,0,1,0,0.3,0.1,Tottenham-Hotspur
100,Richarlison,br BRA,"MF,FW",25,10,5,439,0,2,0,2,0,1.6,1.3,Tottenham-Hotspur
101,Matt Doherty,ie IRL,DF,30,8,3,351,0,0,0,0,0,0.2,0.1,Tottenham-Hotspur
102,Oliver Skipp,eng ENG,MF,22,6,2,130,0,0,0,1,0,0.1,0.2,Tottenham-Hotspur
103,Lucas Moura,br BRA,"MF,DF",30,8,0,98,0,0,0,0,0,0.1,0,Tottenham-Hotspur
104,Bryan,es ESP,MF,21,1,0,7,0,0,0,0,0,0,0,Tottenham-Hotspur
105,Djed Spence,eng ENG,"DF,MF",22,3,0,4,0,0,0,0,0,0.1,0,Tottenham-Hotspur
106,Fraser Forster,eng ENG,GK,34,0,0,,,,,,,,,Tottenham-Hotspur
107,Pape Matar Sarr,sn SEN,MF,20,0,0,,,,,,,,,Tottenham-Hotspur
108,Japhet Tanganga,eng ENG,DF,23,0,0,,,,,,,,,Tottenham-Hotspur
109,Harvey White,eng ENG,MF,21,0,0,,,,,,,,,Tottenham-Hotspur
110,David de Gea,es ESP,GK,32,14,14,1260,0,0,0,0,0,0,0.1,Manchester-United
111,Lisandro Martínez,ar ARG,DF,24,14,14,1204,0,0,0,3,0,0.1,0,Manchester-United
112,Bruno Fernandes,pt POR,"MF,FW",28,13,13,1169,2,1,0,5,0,2,3.2,Manchester-United
113,Diogo Dalot,pt POR,DF,23,13,13,1165,0,1,0,5,0,0.6,1.3,Manchester-United
114,Marcus Rashford,eng ENG,FW,25,14,13,1126,4,2,0,1,0,4.2,2,Manchester-United
115,Christian Eriksen,dk DEN,MF,30,13,12,1043,1,4,0,1,0,2.4,1.8,Manchester-United
116,Jadon Sancho,eng ENG,FW,22,10,10,714,2,1,0,0,0,1.6,0.8,Manchester-United
117,Luke Shaw,eng ENG,DF,27,10,9,783,0,1,0,3,0,0.2,1.4,Manchester-United
118,Raphaël Varane,fr FRA,DF,29,10,8,684,0,0,0,1,0,0,0.1,Manchester-United
119,Casemiro,br BRA,MF,30,11,7,712,1,1,0,2,0,0.5,0.8,Manchester-United
120,Scott McTominay,sct SCO,MF,25,12,6,640,0,0,0,5,0,0.7,0.2,Manchester-United
121,Tyrell Malacia,nl NED,DF,23,9,6,567,0,0,0,2,0,0,0,Manchester-United
122,Antony,br BRA,"FW,MF",22,6,6,491,3,0,0,1,0,1.6,0.4,Manchester-United
123,Anthony Elanga,se SWE,FW,20,10,5,369,0,1,0,0,0,0.5,0.8,Manchester-United
124,Cristiano Ronaldo,pt POR,FW,37,10,4,525,1,0,0,2,0,1.9,0.4,Manchester-United
125,Fred,br BRA,MF,29,11,4,398,1,0,0,2,0,0.8,0.8,Manchester-United
126,Victor Lindelöf,se SWE,DF,28,5,3,352,0,0,0,0,0,0,0,Manchester-United
127,Harry Maguire,eng ENG,DF,29,4,3,281,0,0,0,3,0,0.2,0,Manchester-United
128,Anthony Martial,fr FRA,"FW,MF",26,5,2,201,2,2,1,0,0,1.7,0.8,Manchester-United
129,Donny van de Beek,nl NED,MF,25,4,1,87,0,0,0,0,0,0,0,Manchester-United
130,Alejandro Garnacho,es ESP,FW,18,3,1,84,1,0,0,1,0,0.4,0,Manchester-United
131,Aaron Wan-Bissaka,eng ENG,DF,25,1,0,5,0,0,0,0,0,0,0,Manchester-United
132,Nathan Bishop,eng ENG,GK,23,0,0,,,,,,,,,Manchester-United
133,Martin Dúbravka,sk SVK,GK,33,0,0,,,,,,,,,Manchester-United
134,James Garner,eng ENG,MF,21,0,0,,,,,,,,,Manchester-United
135,Tom Heaton,eng ENG,GK,36,0,0,,,,,,,,,Manchester-United
136,Zidane Iqbal,iq IRQ,MF,19,0,0,,,,,,,,,Manchester-United
137,Matej Kovar,cz CZE,GK,22,0,0,,,,,,,,,Manchester-United
138,Kobbie Mainoo,eng ENG,MF,17,0,0,,,,,,,,,Manchester-United
139,Facundo Pellistri,uy URU,FW,20,0,0,,,,,,,,,Manchester-United
140,Shola Shoretire,eng ENG,MF,18,0,0,,,,,,,,,Manchester-United
141,Alisson,br BRA,GK,30,14,14,1260,0,1,0,0,0,0,0.3,Liverpool
142,Virgil van Dijk,nl NED,DF,31,14,14,1260,1,0,0,1,0,1,0,Liverpool
143,Mohamed Salah,eg EGY,FW,30,14,14,1236,6,3,0,0,0,7,2.2,Liverpool
144,Trent Alexander-Arnold,eng ENG,DF,24,14,12,989,1,0,0,2,0,1.1,2.2,Liverpool
145,Fabinho,br BRA,MF,29,14,11,997,0,0,0,2,0,0.2,0.5,Liverpool
146,Roberto Firmino,br BRA,"FW,MF",31,13,11,929,7,3,0,0,0,4.2,1.8,Liverpool
147,Andrew Robertson,sct SCO,DF,28,12,10,861,0,4,0,0,0,0.4,2.4,Liverpool
148,Harvey Elliott,eng ENG,MF,19,14,10,859,1,1,0,0,0,1,2.2,Liverpool
149,Joe Gomez,eng ENG,DF,25,12,9,887,0,0,0,2,0,0.1,0.2,Liverpool
150,Thiago Alcántara,es ESP,MF,31,8,8,644,0,0,0,1,0,0.1,0.6,Liverpool
151,Jordan Henderson,eng ENG,MF,32,12,7,648,0,0,0,0,0,0.5,1,Liverpool
152,Luis Díaz,co COL,FW,25,8,7,613,3,2,0,2,0,1.7,1,Liverpool
153,Darwin Núñez,uy URU,FW,23,10,7,604,5,2,0,0,1,4.7,2.3,Liverpool
154,James Milner,eng ENG,"DF,MF",36,12,4,469,0,1,0,0,0,0.3,0.7,Liverpool
155,Kostas Tsimikas,gr GRE,DF,26,10,4,367,0,3,0,1,0,0.2,0.7,Liverpool
156,Fabio Carvalho,pt POR,"MF,FW",20,11,4,337,2,0,0,0,0,1.1,0.1,Liverpool
157,Joël Matip,cm CMR,DF,31,4,3,259,0,0,0,0,0,0,0,Liverpool
158,Diogo Jota,pt POR,"FW,MF",25,4,2,196,0,1,0,1,0,0.8,0.8,Liverpool
159,Curtis Jones,eng ENG,MF,21,4,1,172,0,0,0,0,0,0.2,0.2,Liverpool
160,Ibrahima Konaté,fr FRA,DF,23,2,1,112,0,0,0,0,0,0,0,Liverpool
161,Nathaniel Phillips,eng ENG,DF,25,2,1,66,0,0,0,0,0,0,0,Liverpool
162,Alex Oxlade-Chamberlain,eng ENG,FW,29,3,0,32,0,0,0,0,0,0,0.1,Liverpool
163,Stefan Bajcetic,es ESP,MF,18,1,0,21,0,0,0,0,0,0,0,Liverpool
164,Bobby Clark,eng ENG,MF,17,1,0,8,0,0,0,0,0,0,0,Liverpool
165,Adrián,es ESP,GK,35,0,0,,,,,,,,,Liverpool
166,Luke Chambers,eng ENG,DF,18,0,0,,,,,,,,,Liverpool
167,Harvey Davies,eng ENG,GK,19,0,0,,,,,,,,,Liverpool
168,Sepp van den Berg,nl NED,"DF,MF",20,0,0,,,,,,,,,Liverpool
169,Ben Doak,sct SCO,FW,17,0,0,,,,,,,,,Liverpool
170,Naby Keïta,gn GUI,MF,27,0,0,,,,,,,,,Liverpool
171,Caoimhín Kelleher,ie IRL,GK,24,0,0,,,,,,,,,Liverpool
172,Arthur Melo,br BRA,MF,26,0,0,,,,,,,,,Liverpool
173,Calvin Ramsay,sct SCO,DF,19,0,0,,,,,,,,,Liverpool
175,Lewis Dunk,eng ENG,DF,31,14,14,1260,0,0,0,0,0,0.7,0.1,Brighton-and-Hove-Albion
176,Robert Sánchez,es ESP,GK,25,14,14,1260,0,0,0,0,0,0,0,Brighton-and-Hove-Albion
177,Alexis Mac Allister,ar ARG,MF,23,14,14,1256,5,0,3,4,0,3.6,0.8,Brighton-and-Hove-Albion
178,Moisés Caicedo,ec ECU,MF,21,14,14,1245,1,0,0,4,0,0.8,0.8,Brighton-and-Hove-Albion
179,Solly March,eng ENG,"DF,FW",28,14,14,1214,0,2,0,1,0,2.6,1.3,Brighton-and-Hove-Albion
180,Pascal Groß,de GER,"MF,FW",31,14,14,1192,5,2,0,2,0,2.7,3.4,Brighton-and-Hove-Albion
181,Leandro Trossard,be BEL,"FW,MF",27,14,14,1174,7,2,0,1,0,4.3,1.9,Brighton-and-Hove-Albion
182,Adam Webster,eng ENG,DF,27,13,13,1170,0,0,0,1,0,1.2,0,Brighton-and-Hove-Albion
183,Danny Welbeck,eng ENG,FW,32,13,11,996,0,2,0,0,0,3,1.8,Brighton-and-Hove-Albion
184,Joël Veltman,nl NED,DF,30,13,11,947,0,0,0,1,0,0.5,0.2,Brighton-and-Hove-Albion
185,Pervis Estupiñán,ec ECU,DF,24,11,8,631,0,0,0,3,0,0.1,1.7,Brighton-and-Hove-Albion
186,Adam Lallana,eng ENG,"MF,FW",34,11,8,489,1,1,0,0,0,0.8,0.8,Brighton-and-Hove-Albion
187,Kaoru Mitoma,jp JPN,"FW,MF",25,9,2,314,1,1,0,0,0,0.2,2.2,Brighton-and-Hove-Albion
188,Enock Mwepu,zm ZAM,"FW,MF",24,6,2,213,0,1,0,0,0,0.2,0.5,Brighton-and-Hove-Albion
189,Levi Colwill,eng ENG,DF,19,3,1,103,0,0,0,0,0,0.2,0,Brighton-and-Hove-Albion
190,Tariq Lamptey,gh GHA,DF,22,11,0,188,0,0,0,1,0,0,0.1,Brighton-and-Hove-Albion
191,Deniz Undav,de GER,"FW,MF",26,8,0,101,0,0,0,0,0,0.6,0.2,Brighton-and-Hove-Albion
192,Julio César Enciso,py PAR,"MF,FW",18,2,0,80,0,0,0,1,0,0.3,0,Brighton-and-Hove-Albion
193,Billy Gilmour,sct SCO,MF,21,4,0,16,0,0,0,0,0,0,0,Brighton-and-Hove-Albion
194,Jeremy Sarmiento,ec ECU,"MF,FW",20,2,0,8,0,0,0,0,0,0,0,Brighton-and-Hove-Albion
195,Jan Paul van Hecke,nl NED,DF,22,1,0,3,0,0,0,0,0,0,0,Brighton-and-Hove-Albion
196,Steven Alzate,co COL,MF,24,0,0,,,,,,,,,Brighton-and-Hove-Albion
197,Evan Ferguson,ie IRL,FW,18,0,0,,,,,,,,,Brighton-and-Hove-Albion
198,James Furlong,ie IRL,DF,20,0,0,,,,,,,,,Brighton-and-Hove-Albion
199,Neal Maupay,fr FRA,"FW,MF",26,0,0,,,,,,,,,Brighton-and-Hove-Albion
200,Andrew Moran,ie IRL,DF,19,0,0,,,,,,,,,Brighton-and-Hove-Albion
201,Jason Steele,eng ENG,GK,32,0,0,,,,,,,,,Brighton-and-Hove-Albion
202,Ed Turns,wls WAL,DF,20,0,0,,,,,,,,,Brighton-and-Hove-Albion
204,Mason Mount,eng ENG,"MF,FW",23,14,13,1030,2,2,0,2,0,1.5,1.6,Chelsea
205,Ruben Loftus-Cheek,eng ENG,"MF,DF",26,14,12,954,0,0,0,1,0,0.8,0.9,Chelsea
206,Thiago Silva,br BRA,DF,38,12,11,1074,0,2,0,1,0,0.5,0.4,Chelsea
207,Raheem Sterling,eng ENG,"FW,MF",27,12,11,950,3,1,0,3,0,3,2.1,Chelsea
208,Jorginho,it ITA,MF,30,13,11,903,2,0,2,3,0,1.7,0.2,Chelsea
209,Kai Havertz,de GER,"FW,MF",23,13,11,883,3,0,0,3,0,2.8,0.4,Chelsea
210,Marc Cucurella,es ESP,DF,24,13,11,847,0,2,0,2,0,0.3,0.3,Chelsea
211,Edouard Mendy,sn SEN,GK,30,9,8,765,0,0,0,1,0,0,0,Chelsea
212,Kalidou Koulibaly,sn SEN,DF,31,9,8,742,1,0,0,4,1,0.4,0.2,Chelsea
213,Trevoh Chalobah,eng ENG,DF,23,8,8,720,0,0,0,1,0,0.3,0,Chelsea
214,César Azpilicueta,es ESP,DF,33,11,7,672,0,0,0,2,0,0.1,0.7,Chelsea
215,Conor Gallagher,eng ENG,"MF,FW",22,12,7,498,1,1,0,3,1,0.5,1.3,Chelsea
216,Reece James,eng ENG,"DF,MF",22,7,6,559,1,1,0,3,0,0.7,1.6,Chelsea
217,Kepa Arrizabalaga,es ESP,GK,28,6,6,495,0,0,0,0,0,0,0,Chelsea
218,Mateo Kovačić,hr CRO,MF,28,11,5,635,0,1,0,2,0,0.3,0.5,Chelsea
219,Ben Chilwell,eng ENG,"DF,MF",25,9,4,419,1,1,0,1,0,0.3,0.1,Chelsea
220,Pierre-Emerick Aubameyang,ga GAB,FW,33,6,4,305,1,0,0,1,0,0.2,0.3,Chelsea
221,Christian Pulisic,us USA,"FW,DF",24,13,3,421,1,1,0,1,0,0.9,0.5,Chelsea
222,Armando Broja,al ALB,FW,21,12,2,294,1,0,0,0,0,0.8,0.1,Chelsea
223,Wesley Fofana,fr FRA,DF,21,2,2,180,0,0,0,0,0,0,0,Chelsea
224,N'Golo Kanté,fr FRA,MF,31,2,2,174,0,0,0,0,0,0.1,0.3,Chelsea
225,Hakim Ziyech,ma MAR,"MF,FW",29,5,1,152,0,0,0,0,0,0.2,0.1,Chelsea
226,Lewis Hall,eng ENG,DF,18,1,1,72,0,0,0,0,0,0,0.1,Chelsea
227,Carney Chukwuemeka,eng ENG,MF,19,3,0,46,0,0,0,0,0,0.1,0,Chelsea
228,Ethan Ampadu,wls WAL,"DF,MF",22,0,0,,,,,,,,,Chelsea
229,Marcus Bettinelli,eng ENG,GK,30,0,0,,,,,,,,,Chelsea
230,Billy Gilmour,sct SCO,MF,21,0,0,,,,,,,,,Chelsea
231,Callum Hudson-Odoi,eng ENG,"FW,MF",22,0,0,,,,,,,,,Chelsea
232,Omari Hutchinson,eng ENG,DF,19,0,0,,,,,,,,,Chelsea
233,Harvey Vale,eng ENG,MF,19,0,0,,,,,,,,,Chelsea
234,Denis Zakaria,ch SUI,MF,26,0,0,,,,,,,,,Chelsea
235,Squad Total,,,,14,154,1260,17,12,2,34,2,15.4,11.6,Chelsea
236,Tim Ream,us USA,DF,35,15,15,1347,0,0,0,1,0,0.2,0,Fulham
237,Andreas Pereira,br BRA,MF,26,15,15,1240,2,4,1,3,0,2.2,2.8,Fulham
238,João Palhinha,pt POR,MF,27,14,14,1251,2,0,0,5,0,0.8,0,Fulham
239,Bobby Reid,jm JAM,"FW,DF",29,14,14,1211,3,1,0,6,0,2.5,0.6,Fulham
240,Harrison Reed,eng ENG,MF,27,14,14,1175,2,1,0,5,0,1,1.6,Fulham
241,Bernd Leno,de GER,GK,30,13,13,1170,0,0,0,0,0,0,0,Fulham
242,Antonee Robinson,us USA,DF,25,13,13,1108,0,0,0,4,0,0,0.3,Fulham
243,Aleksandar Mitrović,rs SRB,FW,28,12,12,1017,9,0,3,4,0,7.7,1.3,Fulham
244,Tosin Adarabioyo,eng ENG,DF,25,10,10,900,1,0,0,0,0,0.1,0,Fulham
245,Neeskens Kebano,cd COD,FW,30,12,9,713,0,3,0,0,0,0.5,1.4,Fulham
246,Kenny Tete,nl NED,DF,27,9,8,708,0,3,0,5,0,0.1,0.3,Fulham
247,Issa Diop,fr FRA,DF,25,8,6,598,1,0,0,1,0,0.3,0,Fulham
248,Willian,br BRA,FW,34,8,6,564,1,1,0,0,0,1.7,1.2,Fulham
249,Carlos Vinícius,br BRA,FW,27,9,3,327,0,0,0,1,0,0.3,0.4,Fulham
250,Daniel James,wls WAL,FW,25,8,3,307,1,0,0,0,0,1.3,0.3,Fulham
251,Harry Wilson,wls WAL,FW,25,7,3,268,0,0,0,0,0,0.4,0.1,Fulham
252,Marek Rodák,sk SVK,GK,25,2,2,180,0,0,0,0,0,0,0,Fulham
253,Tom Cairney,sct SCO,MF,31,15,1,343,0,0,0,0,0,0.4,0.5,Fulham
254,Kevin Mbabu,ch SUI,"DF,FW",27,6,1,144,0,1,0,1,0,0,0.4,Fulham
255,Jay Stansfield,eng ENG,FW,20,3,1,87,0,0,0,0,0,0.3,0.1,Fulham
256,Layvin Kurzawa,fr FRA,DF,30,1,1,44,0,0,0,0,0,0,0,Fulham
257,Nathaniel Chalobah,eng ENG,MF,27,3,1,11,0,0,0,0,1,0.1,0,Fulham
258,Manor Solomon,il ISR,FW,23,1,0,25,0,0,0,0,0,0,0,Fulham
259,Josh Onomah,eng ENG,MF,25,2,0,15,0,0,0,0,0,0,0,Fulham
260,Luke Harris,wls WAL,"FW,MF",17,2,0,7,0,0,0,0,0,0,0,Fulham
261,Shane Duffy,ie IRL,"FW,DF",30,4,0,6,0,0,0,0,0,0,0,Fulham
262,Tyrese Francois,au AUS,FW,22,1,0,1,0,0,0,0,0,0,0,Fulham
263,Terry Ablade,fi FIN,FW,21,0,0,,,,,,,,,Fulham
264,Rodrigo Muniz,br BRA,FW,21,0,0,,,,,,,,,Fulham
265,Stefan Parkes,eng ENG,DF,18,0,0,,,,,,,,,Fulham
266,Kristian Sekularac,eng ENG,MF,18,0,0,,,,,,,,,Fulham
268,David Raya,es ESP,GK,27,15,15,1350,0,0,0,0,0,0,0,Brentford
269,Rico Henry,eng ENG,DF,25,15,15,1346,0,1,0,0,0,0.5,0.8,Brentford
270,Mathias Jensen,dk DEN,MF,26,15,15,1127,1,3,0,2,0,0.5,2,Brentford
271,Bryan Mbeumo,cm CMR,FW,23,15,15,1120,3,1,1,3,0,3.6,1.6,Brentford
272,Ivan Toney,eng ENG,FW,26,14,14,1260,10,2,3,5,0,8,2.1,Brentford
273,Ben Mee,eng ENG,DF,33,14,14,1208,2,0,0,1,0,1.2,0.1,Brentford
274,Vitaly Janelt,de GER,"MF,DF",24,15,11,990,1,1,0,1,0,1,0.7,Brentford
275,Aaron Hickey,sct SCO,DF,20,9,8,679,0,0,0,4,0,0.1,0,Brentford
276,Josh Dasilva,eng ENG,MF,24,15,7,687,2,1,0,1,0,0.5,1.1,Brentford
277,Ethan Pinnock,jm JAM,DF,29,7,7,630,0,0,0,0,0,0.1,0.1,Brentford
278,Yoane Wissa,cd COD,FW,26,15,6,642,3,1,0,1,0,2.6,1,Brentford
279,Pontus Jansson,se SWE,DF,31,6,6,514,0,0,0,0,0,0,0,Brentford
280,Kristoffer Ajer,no NOR,DF,24,6,6,502,0,0,0,0,0,0,0,Brentford
281,Mathias Jørgensen,dk DEN,DF,32,8,5,457,0,0,0,0,0,0.4,0.1,Brentford
282,Mads Roerslev,dk DEN,DF,23,7,5,433,0,0,0,0,0,0.1,0.5,Brentford
283,Frank Onyeka,ng NGA,MF,24,12,4,442,0,1,0,0,0,0.4,0.5,Brentford
284,Shandon Baptiste,gd GRN,MF,24,12,4,431,0,0,0,1,0,0.2,0.7,Brentford
285,Christian Nørgaard,dk DEN,MF,28,5,4,338,1,0,0,0,0,0.4,0.1,Brentford
286,Keane Lewis-Potter,eng ENG,"FW,MF",21,7,3,287,0,1,0,0,0,0.5,1.2,Brentford
287,Mikkel Damsgaard,dk DEN,"MF,FW",22,9,1,267,0,0,0,2,0,0.4,0.4,Brentford
288,Sergi Canós,es ESP,"FW,DF",25,4,0,74,0,0,0,0,0,0.1,0,Brentford
289,Saman Ghoddos,ir IRN,"MF,FW",29,6,0,38,0,0,0,0,0,0,0,Brentford
290,Mads Bech Sørensen,dk DEN,"DF,MF",23,3,0,20,0,0,0,0,0,0,0,Brentford
291,Halil Dervişoğlu,tr TUR,MF,22,1,0,8,0,0,0,0,0,0,0,Brentford
292,Matthew Cox,eng ENG,GK,19,0,0,,,,,,,,,Brentford
293,Tristan Crama,fr FRA,MF,21,0,0,,,,,,,,,Brentford
294,Finley Stevens,wls WAL,DF,19,0,0,,,,,,,,,Brentford
295,Thomas Strakosha,al ALB,GK,27,0,0,,,,,,,,,Brentford
296,Ryan Trevitt,eng ENG,MF,19,0,0,,,,,,,,,Brentford
297,Yehor Yarmoliuk,ua UKR,MF,18,0,0,,,,,,,,,Brentford
298,Squad Total,,,,15,165,1350,23,12,4,21,0,20.3,12.9,Brentford
299,Vicente Guaita,es ESP,GK,35,14,14,1260,0,0,0,1,0,0,0,Crystal-Palace
300,Marc Guéhi,eng ENG,DF,22,14,14,1260,0,0,0,5,0,0.2,0.1,Crystal-Palace
301,Eberechi Eze,eng ENG,"MF,FW",24,14,14,1139,2,3,0,0,0,2,2.1,Crystal-Palace
302,Joachim Andersen,dk DEN,DF,26,13,13,1170,1,0,0,2,0,0.9,0.4,Crystal-Palace
303,Wilfried Zaha,ci CIV,"FW,MF",30,13,13,1147,6,2,0,3,0,4.6,1.6,Crystal-Palace
304,Jeffrey Schlupp,gh GHA,MF,29,14,12,1094,0,0,0,3,0,1,0.3,Crystal-Palace
305,Tyrick Mitchell,eng ENG,DF,23,14,12,977,0,2,0,2,0,0.1,0.6,Crystal-Palace
306,Cheick Doucouré,ml MLI,MF,22,12,12,963,0,1,0,4,0,0.4,1,Crystal-Palace
307,Joel Ward,eng ENG,DF,33,12,11,1021,0,0,0,4,0,0,0.1,Crystal-Palace
308,Jordan Ayew,gh GHA,"FW,MF",31,14,11,904,0,1,0,1,0,0.7,1.2,Crystal-Palace
309,Odsonne Édouard,fr FRA,FW,24,13,9,767,3,2,0,3,0,1.9,0.8,Crystal-Palace
310,Michael Olise,fr FRA,"MF,FW",20,13,8,754,1,2,0,1,0,0.9,1.7,Crystal-Palace
311,Nathaniel Clyne,eng ENG,DF,31,8,7,580,0,0,0,1,0,0,0.3,Crystal-Palace
312,Jean-Philippe Mateta,fr FRA,FW,25,11,2,283,1,0,0,2,0,1.2,0.5,Crystal-Palace
313,Luka Milivojević,rs SRB,MF,31,9,2,279,0,0,0,0,0,0.2,0,Crystal-Palace
314,Will Hughes,eng ENG,MF,27,8,0,92,0,0,0,0,0,0.1,0,Crystal-Palace
315,James Tomkins,eng ENG,DF,33,1,0,48,0,0,0,0,0,0,0,Crystal-Palace
316,Chris Richards,us USA,DF,22,3,0,47,0,0,0,0,0,0.1,0.3,Crystal-Palace
317,Jaïro Riedewald,nl NED,"DF,FW",26,3,0,41,0,0,0,0,0,0,0,Crystal-Palace
318,Malcolm Ebiowei,eng ENG,"MF,FW",19,3,0,34,0,0,0,0,0,0,0,Crystal-Palace
319,Kofi Balmer,nir NIR,DF,22,0,0,,,,,,,,,Crystal-Palace
320,Owen Goodman,eng ENG,GK,19,0,0,,,,,,,,,Crystal-Palace
321,John-Kymani Gordon,eng ENG,FW,19,0,0,,,,,,,,,Crystal-Palace
322,Sam Johnstone,eng ENG,GK,29,0,0,,,,,,,,,Crystal-Palace
323,Killian Phillips,ie IRL,DF,20,0,0,,,,,,,,,Crystal-Palace
324,Luke Plange,eng ENG,FW,20,0,0,,,,,,,,,Crystal-Palace
325,Kaden Rodney,eng ENG,MF,18,0,0,,,,,,,,,Crystal-Palace
326,Jack Wells-Morrison,eng ENG,MF,18,0,0,,,,,,,,,Crystal-Palace
327,Joseph Whitworth,eng ENG,GK,18,0,0,,,,,,,,,Crystal-Palace
329,Emiliano Martínez,ar ARG,GK,30,15,15,1294,0,0,0,2,0,0,0.3,Aston-Villa
330,Ezri Konsa,eng ENG,DF,25,15,14,1261,0,0,0,2,0,0.5,0.5,Aston-Villa
331,Ollie Watkins,eng ENG,FW,26,14,13,1172,2,3,0,1,0,4.3,1.9,Aston-Villa
332,Tyrone Mings,eng ENG,DF,29,13,13,1170,0,0,0,3,0,0,0.1,Aston-Villa
333,John McGinn,sct SCO,MF,28,15,12,1056,0,0,0,4,0,1,0.7,Aston-Villa
334,Matty Cash,pl POL,DF,25,13,12,1028,0,0,0,3,0,0.2,0.7,Aston-Villa
335,Jacob Ramsey,eng ENG,MF,21,15,12,1021,2,2,0,4,0,1.1,1.2,Aston-Villa
336,Leon Bailey,jm JAM,"FW,MF",25,14,11,827,3,2,0,4,0,1.9,2,Aston-Villa
337,Douglas Luiz,br BRA,MF,24,14,10,930,1,2,0,1,1,0.2,1.3,Aston-Villa
338,Lucas Digne,fr FRA,DF,29,10,9,811,1,0,0,2,0,0.2,0.5,Aston-Villa
339,Danny Ings,eng ENG,FW,30,14,8,726,5,0,2,3,0,3.8,0.4,Aston-Villa
340,Boubacar Kamara,fr FRA,MF,23,9,8,669,0,0,0,2,0,0,0.1,Aston-Villa
341,Ashley Young,eng ENG,DF,37,11,7,729,1,0,0,3,0,0.2,0.7,Aston-Villa
342,Emi Buendía,ar ARG,"FW,MF",25,15,7,726,1,0,0,0,0,2.6,0.8,Aston-Villa
343,Philippe Coutinho,br BRA,"MF,FW",30,12,6,571,0,0,0,2,0,1,0.3,Aston-Villa
344,Leander Dendoncker,be BEL,MF,27,8,3,300,0,0,0,0,0,0,0.3,Aston-Villa
345,Diego Carlos,br BRA,DF,29,2,2,179,0,0,0,0,0,0.4,0,Aston-Villa
346,Calum Chambers,eng ENG,DF,27,3,1,101,0,0,0,0,0,0,0,Aston-Villa
347,Jan Bednarek,pl POL,DF,26,2,1,91,0,0,0,0,0,0,0,Aston-Villa
348,Ludwig Augustinsson,se SWE,DF,28,2,1,53,0,0,0,1,0,0,0,Aston-Villa
349,Robin Olsen,se SWE,GK,32,1,0,56,0,0,0,0,0,0,0,Aston-Villa
350,Cameron Archer,eng ENG,"FW,MF",21,6,0,49,0,0,0,0,0,0,0,Aston-Villa
351,Morgan Sanson,fr FRA,MF,28,1,0,1,0,0,0,0,0,0,0,Aston-Villa
352,Lamare Bogarde,nl NED,MF,18,0,0,,,,,,,,,Aston-Villa
353,Tim Iroegbunam,eng ENG,MF,19,0,0,,,,,,,,,Aston-Villa
354,Marvelous Nakamba,zw ZIM,MF,28,0,0,,,,,,,,,Aston-Villa
356,Danny Ward,wls WAL,GK,29,15,15,1350,0,0,0,0,0,0,0,Leicester-City
357,James Justin,eng ENG,DF,24,14,14,1252,0,0,0,0,0,0.3,0.3,Leicester-City
358,Youri Tielemans,be BEL,MF,25,15,14,1165,3,1,1,1,0,2,2.4,Leicester-City
359,Kiernan Dewsbury-Hall,eng ENG,MF,24,15,14,1134,1,2,0,1,0,0.7,2.1,Leicester-City
360,Timothy Castagne,be BEL,DF,26,14,13,1191,1,2,0,0,0,1.4,1.1,Leicester-City
361,James Maddison,eng ENG,"MF,FW",26,13,13,1098,7,4,0,5,0,2.6,2.9,Leicester-City
362,Harvey Barnes,eng ENG,MF,24,13,13,1086,6,0,0,0,0,3.5,0.6,Leicester-City
363,Daniel Amartey,gh GHA,DF,27,12,10,915,0,0,0,0,0,0.1,0.5,Leicester-City
364,Jonny Evans,nir NIR,DF,34,9,9,810,0,0,0,0,0,0.2,0,Leicester-City
365,Wout Faes,be BEL,DF,24,9,9,810,0,0,0,1,0,0.3,0.3,Leicester-City
366,Boubakary Soumaré,fr FRA,MF,23,11,9,668,0,0,0,3,0,0,0.1,Leicester-City
367,Jamie Vardy,eng ENG,FW,35,15,8,751,1,4,0,1,0,2.1,0.4,Leicester-City
368,Patson Daka,zm ZAM,FW,24,14,7,642,3,2,0,2,0,2.3,1.8,Leicester-City
369,Wilfred Ndidi,ng NGA,"MF,DF",25,10,7,638,0,0,0,2,0,0.1,0,Leicester-City
370,Luke Thomas,eng ENG,DF,21,4,3,273,0,0,0,1,0,0,0,Leicester-City
371,Dennis Praet,be BEL,MF,28,7,2,266,0,0,0,1,0,0.2,0,Leicester-City
372,Wesley Fofana,fr FRA,DF,21,2,2,180,0,0,0,1,0,0.1,0,Leicester-City
373,Kelechi Iheanacho,ng NGA,"FW,MF",26,10,1,219,1,1,0,0,0,1.5,0.6,Leicester-City
374,Ayoze Pérez,es ESP,MF,29,5,1,148,0,1,0,0,0,0.4,1.2,Leicester-City
375,Çağlar Söyüncü,tr TUR,DF,26,1,1,71,0,0,0,0,0,0,0,Leicester-City
376,Nampalys Mendy,sn SEN,MF,30,6,0,152,0,0,0,0,0,0.1,0,Leicester-City
377,Marc Albrighton,eng ENG,MF,33,3,0,31,0,0,0,0,0,0,0,Leicester-City
378,Samuel Braybrooke,eng ENG,MF,18,0,0,,,,,,,,,Leicester-City
379,Lewis Brunt,eng ENG,DF,22,0,0,,,,,,,,,Leicester-City
380,Daniel Iversen,dk DEN,GK,25,0,0,,,,,,,,,Leicester-City
381,Jannik Vestergaard,dk DEN,DF,30,0,0,,,,,,,,,Leicester-City
383,Jefferson Lerma,co COL,"MF,DF",28,15,15,1350,2,0,0,3,0,1.2,0.3,Bournemouth
384,Adam Smith,eng ENG,DF,31,15,15,1305,0,1,0,4,0,0.4,0.4,Bournemouth
385,Marcus Tavernier,eng ENG,"MF,FW",23,15,15,1283,2,4,0,1,0,1.7,2.2,Bournemouth
386,Chris Mepham,wls WAL,DF,25,14,14,1251,0,0,0,5,0,0.3,0.1,Bournemouth
387,Lewis Cook,eng ENG,MF,25,15,13,1193,0,2,0,2,0,0.1,2,Bournemouth
388,Philip Billing,dk DEN,"MF,FW",26,15,13,1133,4,1,0,1,0,1.2,1.2,Bournemouth
389,Dominic Solanke,eng ENG,"FW,MF",25,13,12,1071,3,3,0,0,0,2.4,1.1,Bournemouth
390,Marcos Senesi,ar ARG,DF,25,12,11,939,0,0,0,1,0,0.1,0.2,Bournemouth
391,Jordan Zemura,zw ZIM,DF,23,11,9,788,0,1,0,1,0,0,0.9,Bournemouth
392,Ryan Christie,sct SCO,"MF,FW",27,13,9,718,1,0,0,1,0,1.3,0.3,Bournemouth
393,Kieffer Moore,wls WAL,FW,30,15,8,750,4,0,0,0,0,2,0.3,Bournemouth
394,Neto,br BRA,GK,33,8,8,675,0,0,0,2,0,0,0,Bournemouth
395,Mark Travers,ie IRL,GK,23,8,7,675,0,0,0,0,0,0,0,Bournemouth
396,Ryan Fredericks,eng ENG,DF,30,8,5,451,0,0,0,1,0,0,0.1,Bournemouth
397,Lloyd Kelly,eng ENG,DF,24,5,5,450,0,2,0,0,0,0,0.1,Bournemouth
398,Ben Pearson,eng ENG,MF,27,5,3,214,0,0,0,1,0,0,0,Bournemouth
399,Jaidon Anthony,eng ENG,"FW,MF",22,10,1,272,2,0,0,0,0,0.9,0.1,Bournemouth
400,Jack Stacey,eng ENG,DF,26,6,1,134,0,0,0,1,0,0.1,0,Bournemouth
401,Jack Stephens,eng ENG,DF,28,3,1,93,0,0,0,0,0,0,0.1,Bournemouth
402,Junior Stanislas,eng ENG,MF,33,4,0,61,0,0,0,0,0,0,0.1,Bournemouth
403,Joe Rothwell,eng ENG,"MF,DF",27,2,0,17,0,0,0,0,0,0,0,Bournemouth
404,Owen Bevan,wls WAL,DF,19,1,0,9,0,0,0,0,0,0,0,Bournemouth
405,Emiliano Marcondes,dk DEN,MF,27,1,0,9,0,0,0,0,0,0,0,Bournemouth
406,Siriki Dembélé,ci CIV,FW,26,1,0,8,0,0,0,0,0,0,0,Bournemouth
407,Jamal Lowe,jm JAM,FW,28,1,0,1,0,0,0,0,0,0,0,Bournemouth
408,Will Dennis,eng ENG,GK,22,0,0,,,,,,,,,Bournemouth
409,James Hill,eng ENG,DF,20,0,0,,,,,,,,,Bournemouth
410,Cameron Plain,eng ENG,GK,20,0,0,,,,,,,,,Bournemouth
411,Christian Saydee,lr LBR,MF,20,0,0,,,,,,,,,Bournemouth
413,Illan Meslier,fr FRA,GK,22,14,14,1260,0,0,0,0,0,0,0,Leeds-United
414,Robin Koch,de GER,DF,26,14,14,1215,0,0,0,3,0,0.2,0,Leeds-United
415,Brenden Aaronson,us USA,"MF,FW",22,14,14,1189,1,2,0,2,0,1.9,2.9,Leeds-United
416,Marc Roca,es ESP,MF,26,14,14,1031,1,1,0,3,0,0.9,0.5,Leeds-United
417,Tyler Adams,us USA,MF,23,13,13,1166,0,0,0,4,1,0,0.9,Leeds-United
418,Pascal Struijk,nl NED,DF,23,13,13,1164,1,1,0,2,0,0.9,2.3,Leeds-United
419,Rasmus Nissen,dk DEN,DF,25,12,12,1048,0,1,0,4,0,0.4,0.8,Leeds-United
420,Jack Harrison,eng ENG,"FW,MF",26,13,12,937,1,3,0,2,0,1.3,1.9,Leeds-United
421,Rodrigo,es ESP,"FW,MF",31,13,12,886,9,1,1,1,0,5.4,1.2,Leeds-United
422,Liam Cooper,sct SCO,DF,31,8,7,675,1,0,0,1,0,0.4,0.4,Leeds-United
423,Diego Llorente,es ESP,DF,29,7,7,630,0,0,0,1,0,0.7,0,Leeds-United
424,Luis Sinisterra,co COL,FW,23,9,6,453,2,0,0,3,1,1.5,0.2,Leeds-United
425,Crysencio Summerville,nl NED,"FW,MF",21,10,4,473,4,0,0,1,0,1.5,0.3,Leeds-United
426,Patrick Bamford,eng ENG,FW,29,10,4,429,0,1,0,0,0,4.1,0.3,Leeds-United
427,Daniel James,wls WAL,FW,25,4,2,198,0,0,0,0,0,0.3,0.3,Leeds-United
428,Sam Greenwood,eng ENG,"MF,FW",20,6,1,188,1,1,0,0,0,0.5,0.3,Leeds-United
429,Joe Gelhardt,eng ENG,FW,20,11,1,169,0,1,0,1,0,0.7,0.1,Leeds-United
430,Luke Ayling,eng ENG,DF,31,7,1,159,0,1,0,0,0,0.2,0.1,Leeds-United
431,Junior Firpo,es ESP,DF,26,2,1,114,0,0,0,0,0,0,0.1,Leeds-United
432,Degnand Gnonto,it ITA,"FW,MF",19,3,1,109,0,1,0,0,0,0,0.6,Leeds-United
433,Cody Drameh,eng ENG,DF,20,1,1,69,0,0,0,0,0,0,0,Leeds-United
434,Mateusz Klich,pl POL,"MF,FW",32,11,0,199,0,0,0,1,0,0.1,0.2,Leeds-United
435,Adam Forshaw,eng ENG,MF,31,3,0,50,0,0,0,0,0,0,0.4,Leeds-United
436,Mateo Fernández,es ESP,MF,19,1,0,2,0,0,0,0,0,0,0,Leeds-United
437,Leo Fuhr Hjelde,no NOR,DF,19,0,0,,,,,,,,,Leeds-United
438,Archie Gray,eng ENG,MF,16,0,0,,,,,,,,,Leeds-United
439,Darko Gyabi,eng ENG,MF,18,0,0,,,,,,,,,Leeds-United
440,Kristoffer Klaesson,no NOR,GK,22,0,0,,,,,,,,,Leeds-United
441,Sonny Perkins,eng ENG,FW,18,0,0,,,,,,,,,Leeds-United
442,Joel Robles,es ESP,GK,32,0,0,,,,,,,,,Leeds-United
444,Declan Rice,eng ENG,MF,23,15,15,1350,1,1,0,2,0,1.4,1.8,West-Ham-United
445,Jarrod Bowen,eng ENG,FW,25,15,15,1340,2,0,1,0,0,4.3,1.9,West-Ham-United
446,Tomáš Souček,cz CZE,MF,27,15,15,1307,1,1,0,1,0,2.5,0.6,West-Ham-United
447,Łukasz Fabiański,pl POL,GK,37,15,15,1243,0,0,0,0,0,0,0,West-Ham-United
448,Aaron Cresswell,eng ENG,DF,32,14,14,1240,0,0,0,2,0,0.2,2.5,West-Ham-United
449,Kurt Zouma,fr FRA,DF,28,14,14,1184,1,0,0,0,0,1.1,0,West-Ham-United
450,Thilo Kehrer,de GER,DF,26,13,13,1170,0,0,0,4,0,0.3,0.2,West-Ham-United
451,Pablo Fornals,es ESP,"FW,MF",26,14,9,776,1,0,0,0,0,0.6,1,West-Ham-United
452,Gianluca Scamacca,it ITA,FW,23,13,9,755,2,0,0,3,0,2.1,0.6,West-Ham-United
453,Saïd Benrahma,dz ALG,"FW,MF",27,13,7,751,2,1,1,0,0,2.4,1.1,West-Ham-United
454,Vladimír Coufal,cz CZE,"DF,MF",30,9,7,685,0,0,0,1,0,0.1,0.6,West-Ham-United
455,Lucas Paquetá,br BRA,"MF,FW",25,8,7,587,0,2,0,2,0,1.3,0.6,West-Ham-United
456,Michail Antonio,jm JAM,FW,32,14,6,607,2,1,0,1,0,2,0.4,West-Ham-United
457,Ben Johnson,eng ENG,DF,22,7,6,488,0,0,0,0,0,0,0.2,West-Ham-United
458,Craig Dawson,eng ENG,DF,32,5,5,450,0,0,0,2,0,0.1,0.1,West-Ham-United
459,Flynn Downes,eng ENG,MF,23,6,3,265,0,0,0,0,0,0.2,0,West-Ham-United
460,Emerson Palmieri,it ITA,"DF,MF",28,7,3,224,0,0,0,1,0,0.1,0,West-Ham-United
461,Manuel Lanzini,ar ARG,"MF,FW",29,5,1,126,0,0,0,0,0,0.1,0,West-Ham-United
462,Maxwel Cornet,ci CIV,FW,26,5,1,91,0,0,0,0,0,0.5,0,West-Ham-United
463,Alphonse Areola,fr FRA,GK,29,2,0,107,0,0,0,0,0,0,0,West-Ham-United
464,Nayef Aguerd,ma MAR,DF,26,1,0,76,0,0,0,0,0,0.1,0,West-Ham-United
465,Angelo Ogbonna,it ITA,DF,34,2,0,27,0,0,0,0,0,0,0.1,West-Ham-United
466,Conor Coventry,ie IRL,"MF,FW",22,1,0,1,0,0,0,0,0,0,0,West-Ham-United
467,Harrison Ashby,sct SCO,DF,21,0,0,,,,,,,,,West-Ham-United
468,Armstrong Okoflex,ie IRL,MF,20,0,0,,,,,,,,,West-Ham-United
469,Darren Randolph,ie IRL,GK,35,0,0,,,,,,,,,West-Ham-United
470,Nikola Vlašić,hr CRO,"FW,MF",25,0,0,,,,,,,,,West-Ham-United
472,James Tarkowski,eng ENG,DF,30,15,15,1350,0,0,0,2,0,0.8,0.8,Everton
473,Alex Iwobi,ng NGA,MF,26,15,15,1332,1,5,0,1,0,0.7,2.6,Everton
474,Demarai Gray,eng ENG,"FW,MF",26,15,15,1284,1,0,0,1,0,2.4,2.1,Everton
475,Vitaliy Mykolenko,ua UKR,"DF,MF",23,15,15,1283,0,0,0,2,0,0.4,0.5,Everton
476,Jordan Pickford,eng ENG,GK,28,14,14,1260,0,1,0,3,0,0,0.1,Everton
477,Conor Coady,eng ENG,DF,29,14,14,1250,1,1,0,1,0,0.6,0.3,Everton
478,Amadou Onana,be BEL,MF,21,14,12,1035,0,1,0,4,0,1.7,1,Everton
479,Anthony Gordon,eng ENG,FW,21,14,11,983,3,0,0,6,0,2.7,0.6,Everton
480,Idrissa Gana Gueye,sn SEN,MF,33,10,9,738,0,0,0,3,0,0,0.1,Everton
481,Nathan Patterson,sct SCO,"DF,MF",21,10,8,767,0,0,0,1,0,0.5,0.3,Everton
482,Dwight McNeil,eng ENG,"FW,DF",23,15,8,734,2,0,0,2,0,0.6,1.2,Everton
483,Séamus Coleman,ie IRL,DF,34,8,7,605,0,0,0,0,0,0.2,0.2,Everton
484,Neal Maupay,fr FRA,FW,26,10,6,553,1,0,0,1,0,2,0.5,Everton
485,Dominic Calvert-Lewin,eng ENG,FW,25,6,4,339,1,0,0,1,0,1.5,0.2,Everton
486,Mason Holgate,eng ENG,DF,26,4,3,320,0,0,0,1,0,0.3,0.3,Everton
487,Tom Davies,eng ENG,MF,24,7,3,298,0,0,0,2,0,0.5,0.1,Everton
488,Abdoulaye Doucouré,ml MLI,MF,29,7,2,186,0,0,0,0,0,0.1,0,Everton
489,Salomón Rondón,ve VEN,FW,33,7,1,109,0,0,0,0,0,0.8,0.2,Everton
490,Asmir Begović,ba BIH,GK,35,1,1,90,0,0,0,0,0,0,0,Everton
491,Yerry Mina,co COL,DF,28,1,1,69,0,0,0,1,0,0,0,Everton
492,Ben Godfrey,eng ENG,DF,24,1,1,17,0,0,0,0,0,0,0,Everton
493,James Garner,eng ENG,MF,21,6,0,142,0,0,0,1,0,0.1,0,Everton
494,Dele Alli,eng ENG,MF,26,2,0,40,0,0,0,0,0,0,0,Everton
495,Rúben Vinagre,pt POR,"DF,MF",23,2,0,26,0,0,0,0,0,0,0,Everton
496,Michael Keane,eng ENG,DF,29,1,0,23,0,0,0,0,0,0,0,Everton
497,Thomas Cannon,ie IRL,FW,19,1,0,17,0,0,0,0,0,0.1,0,Everton
498,Kyle Alex John,eng ENG,DF,21,0,0,,,,,,,,,Everton
499,Allan,br BRA,"DF,MF",31,0,0,,,,,,,,,Everton
500,Jean-Philippe Gbamin,ci CIV,"DF,MF",27,0,0,,,,,,,,,Everton
501,André Gomes,pt POR,MF,29,0,0,,,,,,,,,Everton
502,Eldin Jakupović,ch SUI,GK,38,0,0,,,,,,,,,Everton
503,Stanley Mills,eng ENG,MF,19,0,0,,,,,,,,,Everton
504,Lewis Warrington,eng ENG,MF,20,0,0,,,,,,,,,Everton
505,Reece Welch,eng ENG,DF,19,0,0,,,,,,,,,Everton
507,Dean Henderson,eng ENG,GK,25,15,15,1350,0,0,0,2,0,0,0,Nottingham-Forest
508,Scott McKenna,sct SCO,DF,26,14,14,1260,0,0,0,4,0,0.1,0.8,Nottingham-Forest
509,Brennan Johnson,wls WAL,"FW,MF",21,15,13,1187,2,0,1,2,0,3.2,0.7,Nottingham-Forest
510,Neco Williams,wls WAL,DF,21,15,12,1078,0,0,0,3,0,0.9,1.2,Nottingham-Forest
511,Morgan Gibbs-White,eng ENG,"FW,MF",22,13,12,1036,2,2,0,1,0,2.2,2.1,Nottingham-Forest
512,Ryan Yates,eng ENG,MF,25,13,11,1033,0,1,0,3,0,1.5,0.6,Nottingham-Forest
513,Steve Cook,eng ENG,DF,31,12,11,957,0,0,0,4,0,0.1,0.6,Nottingham-Forest
514,Jesse Lingard,eng ENG,"FW,MF",29,13,10,809,0,0,0,1,0,1,0.7,Nottingham-Forest
515,Remo Freuler,ch SUI,MF,30,11,9,831,0,0,0,2,0,0.1,0.2,Nottingham-Forest
516,Cheikhou Kouyaté,sn SEN,"MF,DF",32,12,9,704,1,0,0,2,0,0.3,0.6,Nottingham-Forest
517,Joe Worrall,eng ENG,DF,25,11,7,717,0,0,0,4,0,0.2,0.5,Nottingham-Forest
518,Harry Toffolo,eng ENG,DF,27,8,6,577,0,0,0,0,0,0.2,0.4,Nottingham-Forest
519,Serge Aurier,ci CIV,DF,29,7,6,530,0,0,0,1,0,0,0.2,Nottingham-Forest
520,Lewis O'Brien,eng ENG,MF,24,11,6,525,1,0,0,2,0,0.3,0.2,Nottingham-Forest
521,Taiwo Awoniyi,ng NGA,FW,25,13,6,512,3,0,0,0,0,3.6,0.7,Nottingham-Forest
522,Renan Lodi,br BRA,DF,24,7,6,505,0,0,0,1,0,0.4,0.1,Nottingham-Forest
523,Emmanuel Dennis,ng NGA,FW,25,9,3,345,1,1,0,2,0,0.6,0.3,Nottingham-Forest
524,Orel Mangala,be BEL,MF,24,7,3,267,0,0,0,0,0,0.2,0,Nottingham-Forest
525,Moussa Niakhate,fr FRA,DF,26,2,2,160,0,0,0,0,0,0.3,0,Nottingham-Forest
526,Willy Boly,ci CIV,DF,31,2,2,152,0,0,0,1,0,0,0,Nottingham-Forest
527,Jack Colback,eng ENG,MF,33,4,1,147,0,0,0,0,0,0,0.2,Nottingham-Forest
528,Sam Surridge,eng ENG,FW,24,8,1,136,0,0,0,1,0,0.2,0.1,Nottingham-Forest
529,Giulian Biancone,fr FRA,DF,22,2,0,17,0,0,0,0,0,0,0,Nottingham-Forest
530,Alexander Mighten,eng ENG,FW,20,1,0,8,0,0,0,0,0,0,0,Nottingham-Forest
531,Cafú,pt POR,MF,29,1,0,7,0,0,0,0,0,0,0,Nottingham-Forest
532,Loïc Bade,fr FRA,DF,22,0,0,,,,,,,,,Nottingham-Forest
533,Oliver Hammond,wls WAL,MF,20,0,0,,,,,,,,,Nottingham-Forest
534,Wayne Hennessey,wls WAL,GK,35,0,0,,,,,,,,,Nottingham-Forest
535,Loïc Mbe Soh,fr FRA,DF,21,0,0,,,,,,,,,Nottingham-Forest
536,Dale Taylor,nir NIR,FW,18,0,0,,,,,,,,,Nottingham-Forest
537,Lyle Taylor,ms MSR,FW,32,0,0,,,,,,,,,Nottingham-Forest
539,Gavin Bazunu,ie IRL,GK,20,15,15,1350,0,0,0,0,0,0,0.1,Southampton
540,James Ward-Prowse,eng ENG,MF,28,15,15,1350,1,2,0,2,0,0.7,2.7,Southampton
541,Mohammed Salisu,gh GHA,DF,23,14,14,1260,0,1,0,4,0,0.7,0.5,Southampton
542,Che Adams,sct SCO,FW,26,14,12,1066,4,1,0,0,0,3.9,1.7,Southampton
543,Mohamed Elyounoussi,no NOR,"MF,FW",28,14,12,985,0,1,0,2,0,2,1.3,Southampton
544,Kyle Walker-Peters,eng ENG,DF,25,11,11,952,1,0,0,2,0,0.7,0.7,Southampton
545,Armel Bella Kotchap,de GER,DF,20,11,11,903,0,1,0,1,0,0.7,0.1,Southampton
546,Adam Armstrong,eng ENG,FW,25,14,11,869,1,1,0,0,0,1.1,0.7,Southampton
547,Joe Aribo,ng NGA,"MF,FW",26,15,10,944,2,0,0,1,0,1.4,0.8,Southampton
548,Romain Perraud,fr FRA,DF,25,13,10,851,2,2,0,1,0,0.9,1.5,Southampton
549,Stuart Armstrong,sct SCO,"MF,FW",30,14,7,690,1,0,0,2,0,1,1.5,Southampton
550,Roméo Lavia,be BEL,MF,18,7,6,557,1,0,0,2,0,0.2,0.2,Southampton
551,Ibrahima Diallo,fr FRA,MF,23,9,6,450,0,0,0,1,0,0.1,0,Southampton
552,Moussa Djenepo,ml MLI,"DF,FW",24,10,5,526,0,1,0,0,0,0.1,0.2,Southampton
553,Duje Ćaleta-Car,hr CRO,DF,26,7,5,486,0,0,0,1,0,0.2,0,Southampton
554,Ainsley Maitland-Niles,eng ENG,"MF,DF",25,7,4,412,0,0,0,2,0,0,0.2,Southampton
555,Lyanco,br BRA,DF,25,7,2,236,0,0,0,2,0,0.1,0,Southampton
556,Sekou Mara,fr FRA,"FW,MF",20,9,2,214,0,1,0,0,0,0.7,0.5,Southampton
557,Jan Bednarek,pl POL,DF,26,2,2,159,0,0,0,0,0,0.1,0.1,Southampton
558,Juan Larios,es ESP,DF,18,5,2,152,0,0,0,0,0,0,0,Southampton
559,Theo Walcott,eng ENG,"FW,MF",33,3,1,113,0,0,0,1,0,0,0,Southampton
560,Oriol Romeu,es ESP,MF,31,1,1,74,0,0,0,0,0,0,0,Southampton
561,Yan Valery,tn TUN,DF,23,1,1,45,0,0,0,0,0,0,0,Southampton
562,Samuel Edozie,eng ENG,"MF,FW",19,8,0,159,0,0,0,0,0,0.3,0.1,Southampton
563,Jack Stephens,eng ENG,DF,28,2,0,46,0,0,0,0,0,0,0,Southampton
564,Nathan Redmond,eng ENG,DF,28,1,0,1,0,0,0,0,0,0,0,Southampton
565,Ryan Finnigan,eng ENG,MF,19,0,0,,,,,,,,,Southampton
566,Alex McCarthy,eng ENG,GK,32,0,0,,,,,,,,,Southampton
567,Lewis Payne,eng ENG,DF,18,0,0,,,,,,,,,Southampton
569,Max Kilman,eng ENG,DF,25,15,15,1350,0,0,0,0,0,0.6,0,Wolverhampton-Wanderers
570,José Sá,pt POR,GK,29,15,15,1350,0,0,0,0,0,0,0,Wolverhampton-Wanderers
571,Rúben Neves,pt POR,"MF,DF",25,14,14,1260,4,0,2,6,0,2.3,0.4,Wolverhampton-Wanderers
572,Nathan Collins,ie IRL,DF,21,12,12,1022,0,0,0,2,1,0,0.1,Wolverhampton-Wanderers
573,Daniel Podence,pt POR,"FW,MF",27,15,12,1020,2,0,0,3,0,2.1,1.6,Wolverhampton-Wanderers
574,João Moutinho,pt POR,MF,36,13,11,997,0,0,0,2,0,0.8,1.5,Wolverhampton-Wanderers
575,Jonny Castro,es ESP,DF,28,12,11,979,0,0,0,3,0,0.3,0.3,Wolverhampton-Wanderers
576,Matheus Nunes,pt POR,MF,24,12,11,857,0,1,0,1,0,1.1,1.2,Wolverhampton-Wanderers
577,Gonçalo Guedes,pt POR,"FW,MF",25,12,8,689,1,1,0,1,0,1.2,0.5,Wolverhampton-Wanderers
578,Nélson Semedo,pt POR,DF,29,13,8,675,0,1,0,3,1,0,0.2,Wolverhampton-Wanderers
579,Pedro Neto,pt POR,"FW,MF",22,8,8,599,0,0,0,1,0,0.7,1.2,Wolverhampton-Wanderers
580,Rayan Aït Nouri,fr FRA,DF,21,10,7,666,0,0,0,1,0,0.4,0.8,Wolverhampton-Wanderers
581,Adama Traoré,es ESP,"FW,MF",26,12,6,622,1,0,0,0,0,0.6,1,Wolverhampton-Wanderers
582,Hugo Bueno,es ESP,DF,20,6,5,451,0,1,0,1,0,0.1,0.4,Wolverhampton-Wanderers
583,Diego Costa,es ESP,FW,34,6,5,412,0,0,0,0,1,1.7,0.2,Wolverhampton-Wanderers
584,Boubacar Traoré,ml MLI,MF,21,8,4,384,0,1,0,2,0,0.1,0.2,Wolverhampton-Wanderers
585,Hwang Hee-chan,kr KOR,FW,26,11,3,325,0,1,0,0,0,0.4,0.7,Wolverhampton-Wanderers
586,Toti Gomes,pt POR,DF,23,3,3,259,0,0,0,1,0,0,0.1,Wolverhampton-Wanderers
587,Leander Dendoncker,be BEL,MF,27,4,2,214,0,0,0,0,0,0.7,0,Wolverhampton-Wanderers
588,Raúl Jiménez,mx MEX,FW,31,3,2,212,0,0,0,0,0,0.8,0.4,Wolverhampton-Wanderers
589,Morgan Gibbs-White,eng ENG,"FW,MF",22,2,2,180,0,0,0,1,0,0.7,0.1,Wolverhampton-Wanderers
590,Sasa Kalajdzic,at AUT,FW,25,1,1,45,0,0,0,0,0,0.3,0,Wolverhampton-Wanderers
591,Joseph Hodge,ie IRL,MF,20,3,0,79,0,0,0,1,0,0.1,0,Wolverhampton-Wanderers
592,Chem Campbell,wls WAL,"FW,MF",19,5,0,74,0,0,0,0,0,0.1,0,Wolverhampton-Wanderers
593,Dexter Lembikisa,jm JAM,DF,19,1,0,23,0,0,0,0,0,0,0,Wolverhampton-Wanderers
594,Connor Ronan,ie IRL,MF,24,1,0,1,0,0,0,0,0,0,0,Wolverhampton-Wanderers
595,Willy Boly,ci CIV,DF,31,0,0,,,,,,,,,Wolverhampton-Wanderers
596,Conor Coady,eng ENG,"DF,MF",29,0,0,,,,,,,,,Wolverhampton-Wanderers
597,Luke Cundle,eng ENG,MF,20,0,0,,,,,,,,,Wolverhampton-Wanderers
598,Nathan Fraser,ie IRL,FW,17,0,0,,,,,,,,,Wolverhampton-Wanderers
599,Harvey Griffiths,eng ENG,MF,19,0,0,,,,,,,,,Wolverhampton-Wanderers
600,Yerson Mosquera,co COL,DF,21,0,0,,,,,,,,,Wolverhampton-Wanderers
601,Matija Šarkić,me MNE,GK,25,0,0,,,,,,,,,Wolverhampton-Wanderers
